INSERT INTO STUDENTS(STUDENT_ID, NAME, LAST_NAME, ADDRESS_ID, EMAIL, PHONE) VALUES(1, 'Zenon', 'Baleron', 1, 'zenon@baleron', '123');
INSERT INTO STUDENTS(STUDENT_ID, NAME, LAST_NAME, ADDRESS_ID, EMAIL, PHONE) VALUES(2, 'Azja', 'Tuhajbejowicz', 2, 'a@a.pl', '456');
INSERT INTO STUDENTS(STUDENT_ID, NAME, LAST_NAME, ADDRESS_ID, EMAIL, PHONE) VALUES(3, 'Arek', 'Zegarek', 3, 'b@b.pl', '789');

INSERT INTO ADDRESSES(ADDRESS_ID, POST_CODE, CITY, STREET, BUILDING_NUMBER) VALUES(1, '69-666', 'Placeholder City', 'Placeholder Street', '69');
INSERT INTO ADDRESSES(ADDRESS_ID, POST_CODE, CITY, STREET, BUILDING_NUMBER) VALUES(2, '69-666', 'Placeholder City', 'Placeholder Street', '69A');
INSERT INTO ADDRESSES(ADDRESS_ID, POST_CODE, CITY, STREET, BUILDING_NUMBER) VALUES(3, '69-666', 'Placeholder City', 'Placeholder Street', '69B');

INSERT INTO BOOKS(BOOK_ID, STUDENT_ID, AUTHOR, TITLE) VALUES (1, 1, 'Steve Wozniak', 'Fucking with Steve');
INSERT INTO BOOKS(BOOK_ID, STUDENT_ID, AUTHOR, TITLE) VALUES (2, 1, 'Steve Wozniak', 'GCC rox');
INSERT INTO BOOKS(BOOK_ID, STUDENT_ID, AUTHOR, TITLE) VALUES (10, 2, 'Johnny Walker', 'Walking alone');
INSERT INTO BOOKS(BOOK_ID, STUDENT_ID, AUTHOR, TITLE) VALUES (20, 2, 'Krzysztof Calczynski', 'Testowanie przelozonych dla zaawansowanych');

INSERT INTO COURSES(COURSE_ID, NAME) VALUES(1, 'plazing');
INSERT INTO COURSES(COURSE_ID, NAME) VALUES(2, 'dendrologia');

INSERT INTO STUDENTS_COURSES(STUDENT_ID, COURSE_ID) VALUES(1,1);
INSERT INTO STUDENTS_COURSES(STUDENT_ID, COURSE_ID) VALUES(1,2);
INSERT INTO STUDENTS_COURSES(STUDENT_ID, COURSE_ID) VALUES(2,2);